Target Rank,Target Score,Sequence,Gene Symbol,Gene Description
1,99,UCAGCAACACAGUUGCUGAUUC,GRIA3,glutamate ionotropic receptor AMPA type subunit 3
2,97,UCAGCAACACAGUUGCUGAUUC,MTX3,metaxin 3
3,97,UCAGCAACACAGUUGCUGAUUC,DOCK4,dedicator of cytokinesis 4
4,97,UCAGCAACACAGUUGCUGAUUC,PCDH19,protocadherin 19
5,97,UCAGCAACACAGUUGCUGAUUC,SATB2,SATB homeobox 2
6,96,UCAGCAACACAGUUGCUGAUUC,AADACL3,arylacetamide deacetylase like 3
7,96,UCAGCAACACAGUUGCUGAUUC,FAM92B,family with sequence similarity 92 member B
8,96,UCAGCAACACAGUUGCUGAUUC,DMTF1,cyclin D binding myb like transcription factor 1
9,96,UCAGCAACACAGUUGCUGAUUC,SLK,STE20 like kinase
10,96,UCAGCAACACAGUUGCUGAUUC,LARP4B,La ribonucleoprotein domain family member 4B
11,96,UCAGCAACACAGUUGCUGAUUC,IL4R,interleukin 4 receptor
12,96,UCAGCAACACAGUUGCUGAUUC,TMEM178B,transmembrane protein 178B
13,96,UCAGCAACACAGUUGCUGAUUC,PFN2,profilin 2
1,99,UGAUUCUCUUCCUGUUCCAAGC,FRK,fyn related Src family tyrosine kinase
2,98,UGAUUCUCUUCCUGUUCCAAGC,MUC15,"mucin 15, cell surface associated"
3,96,UGAUUCUCUUCCUGUUCCAAGC,TNFAIP8L3,TNF alpha induced protein 8 like 3
1,99,UCAACAAUUUUAUUGUAGAUGA,JMJD1C,jumonji domain containing 1C
2,99,UCAACAAUUUUAUUGUAGAUGA,SOX7,SRY-box 7
3,99,UCAACAAUUUUAUUGUAGAUGA,TNFSF10,TNF superfamily member 10
4,99,UCAACAAUUUUAUUGUAGAUGA,PHTF2,putative homeodomain transcription factor 2
5,99,UCAACAAUUUUAUUGUAGAUGA,PHC3,polyhomeotic homolog 3
6,99,UCAACAAUUUUAUUGUAGAUGA,ZBTB11,zinc finger and BTB domain containing 11
7,98,UCAACAAUUUUAUUGUAGAUGA,CREBZF,CREB/ATF bZIP transcription factor
8,98,UCAACAAUUUUAUUGUAGAUGA,ARID4B,AT-rich interaction domain 4B
9,98,UCAACAAUUUUAUUGUAGAUGA,PAX9,paired box 9
10,98,UCAACAAUUUUAUUGUAGAUGA,ACSL3,acyl-CoA synthetase long chain family member 3
11,97,UCAACAAUUUUAUUGUAGAUGA,VPS37A,"VPS37A, ESCRT-I subunit"
12,97,UCAACAAUUUUAUUGUAGAUGA,SMG8,"SMG8, nonsense mediated mRNA decay factor"
13,96,UCAACAAUUUUAUUGUAGAUGA,ZMYM2,zinc finger MYM-type containing 2
14,96,UCAACAAUUUUAUUGUAGAUGA,GABPB1,GA binding protein transcription factor subunit beta 1
15,96,UCAACAAUUUUAUUGUAGAUGA,PMP2,peripheral myelin protein 2
16,96,UCAACAAUUUUAUUGUAGAUGA,CPEB2,cytoplasmic polyadenylation element binding protein 2
17,96,UCAACAAUUUUAUUGUAGAUGA,RFC3,replication factor C subunit 3
18,96,UCAACAAUUUUAUUGUAGAUGA,INO80D,INO80 complex subunit D
19,96,UCAACAAUUUUAUUGUAGAUGA,NUFIP2,nuclear FMR1 interacting protein 2
1,100,AUGAAGAAGGUAACAUGUUCAA,BCAT1,branched chain amino acid transaminase 1
2,99,AUGAAGAAGGUAACAUGUUCAA,CLEC3A,C-type lectin domain family 3 member A
3,99,AUGAAGAAGGUAACAUGUUCAA,DENND4A,DENN domain containing 4A
4,99,AUGAAGAAGGUAACAUGUUCAA,C12orf29,chromosome 12 open reading frame 29
5,99,AUGAAGAAGGUAACAUGUUCAA,NEGR1,neuronal growth regulator 1
6,98,AUGAAGAAGGUAACAUGUUCAA,GPR174,G protein-coupled receptor 174
7,98,AUGAAGAAGGUAACAUGUUCAA,IP6K2,inositol hexakisphosphate kinase 2
8,98,AUGAAGAAGGUAACAUGUUCAA,SOGA1,"suppressor of glucose, autophagy associated 1"
9,98,AUGAAGAAGGUAACAUGUUCAA,SEMA5A,semaphorin 5A
10,98,AUGAAGAAGGUAACAUGUUCAA,RFX3,regulatory factor X3
11,98,AUGAAGAAGGUAACAUGUUCAA,SLC30A7,solute carrier family 30 member 7
12,98,AUGAAGAAGGUAACAUGUUCAA,SEMA3C,semaphorin 3C
13,98,AUGAAGAAGGUAACAUGUUCAA,STON2,stonin 2
14,98,AUGAAGAAGGUAACAUGUUCAA,TMEM106B,transmembrane protein 106B
15,98,AUGAAGAAGGUAACAUGUUCAA,USF3,upstream transcription factor family member 3
16,98,AUGAAGAAGGUAACAUGUUCAA,AHR,aryl hydrocarbon receptor
17,98,AUGAAGAAGGUAACAUGUUCAA,TPGS2,tubulin polyglutamylase complex subunit 2
18,97,AUGAAGAAGGUAACAUGUUCAA,ZEB2,zinc finger E-box binding homeobox 2
19,97,AUGAAGAAGGUAACAUGUUCAA,DNMT1,DNA methyltransferase 1
20,97,AUGAAGAAGGUAACAUGUUCAA,SCN7A,sodium voltage-gated channel alpha subunit 7
21,97,AUGAAGAAGGUAACAUGUUCAA,EPHA7,EPH receptor A7
22,97,AUGAAGAAGGUAACAUGUUCAA,RSBN1,round spermatid basic protein 1
23,97,AUGAAGAAGGUAACAUGUUCAA,KRAS,"KRAS proto-oncogene, GTPase"
24,97,AUGAAGAAGGUAACAUGUUCAA,LRCH2,leucine rich repeats and calponin homology domain containing 2
25,97,AUGAAGAAGGUAACAUGUUCAA,SEMA3A,semaphorin 3A
26,97,AUGAAGAAGGUAACAUGUUCAA,SLX4IP,SLX4 interacting protein
27,96,AUGAAGAAGGUAACAUGUUCAA,ARF4,ADP ribosylation factor 4
28,96,AUGAAGAAGGUAACAUGUUCAA,TMEM170A,transmembrane protein 170A
29,96,AUGAAGAAGGUAACAUGUUCAA,MYCT1,MYC target 1
30,96,AUGAAGAAGGUAACAUGUUCAA,CXorf56,chromosome X open reading frame 56
31,96,AUGAAGAAGGUAACAUGUUCAA,PPP4R3A,protein phosphatase 4 regulatory subunit 3A
32,96,AUGAAGAAGGUAACAUGUUCAA,ACAP2,"ArfGAP with coiled-coil, ankyrin repeat and PH domains 2"
33,96,AUGAAGAAGGUAACAUGUUCAA,FCHSD2,FCH and double SH3 domains 2
34,96,AUGAAGAAGGUAACAUGUUCAA,BBS9,Bardet-Biedl syndrome 9
35,96,AUGAAGAAGGUAACAUGUUCAA,ZKSCAN7,zinc finger with KRAB and SCAN domains 7
36,96,AUGAAGAAGGUAACAUGUUCAA,GPR22,G protein-coupled receptor 22
37,96,AUGAAGAAGGUAACAUGUUCAA,ZNF705A,zinc finger protein 705A
38,96,AUGAAGAAGGUAACAUGUUCAA,ST18,"ST18, C2H2C-type zinc finger"
39,96,AUGAAGAAGGUAACAUGUUCAA,DYDC2,DPY30 domain containing 2
1,100,AUUGCCAUAGUAAUGGUGACAA,ZNF99,zinc finger protein 99
2,100,AUUGCCAUAGUAAUGGUGACAA,ZNF493,zinc finger protein 493
3,99,AUUGCCAUAGUAAUGGUGACAA,ZNF138,zinc finger protein 138
4,99,AUUGCCAUAGUAAUGGUGACAA,CXCL5,C-X-C motif chemokine ligand 5
5,98,AUUGCCAUAGUAAUGGUGACAA,ZNF117,zinc finger protein 117
6,98,AUUGCCAUAGUAAUGGUGACAA,HOOK1,hook microtubule tethering protein 1
7,98,AUUGCCAUAGUAAUGGUGACAA,CFL2,cofilin 2
8,97,AUUGCCAUAGUAAUGGUGACAA,EIF5A2,eukaryotic translation initiation factor 5A2
9,97,AUUGCCAUAGUAAUGGUGACAA,LRAT,lecithin retinol acyltransferase
10,97,AUUGCCAUAGUAAUGGUGACAA,CUL3,cullin 3
11,97,AUUGCCAUAGUAAUGGUGACAA,ZNF714,zinc finger protein 714
12,97,AUUGCCAUAGUAAUGGUGACAA,ZNF730,zinc finger protein 730
13,97,AUUGCCAUAGUAAUGGUGACAA,ARHGAP32,Rho GTPase activating protein 32
14,96,AUUGCCAUAGUAAUGGUGACAA,SLC16A7,solute carrier family 16 member 7
15,96,AUUGCCAUAGUAAUGGUGACAA,CADM2,cell adhesion molecule 2
16,96,AUUGCCAUAGUAAUGGUGACAA,ZNF728,zinc finger protein 728
1,99,ACAAUUAUGCUUUGCUGUAUGA,KIAA1324L,KIAA1324 like
2,99,ACAAUUAUGCUUUGCUGUAUGA,RBM41,RNA binding motif protein 41
3,99,ACAAUUAUGCUUUGCUGUAUGA,TMEM56,transmembrane protein 56
4,98,ACAAUUAUGCUUUGCUGUAUGA,PDE10A,phosphodiesterase 10A
5,98,ACAAUUAUGCUUUGCUGUAUGA,ZNF385B,zinc finger protein 385B
6,97,ACAAUUAUGCUUUGCUGUAUGA,MSTN,myostatin
7,97,ACAAUUAUGCUUUGCUGUAUGA,RCN2,reticulocalbin 2
8,97,ACAAUUAUGCUUUGCUGUAUGA,BTAF1,B-TFIID TATA-box binding protein associated factor 1
9,97,ACAAUUAUGCUUUGCUGUAUGA,LRRFIP1,LRR binding FLII interacting protein 1
10,96,ACAAUUAUGCUUUGCUGUAUGA,VPS13C,vacuolar protein sorting 13 homolog C
11,96,ACAAUUAUGCUUUGCUGUAUGA,ZDHHC21,zinc finger DHHC-type containing 21
12,96,ACAAUUAUGCUUUGCUGUAUGA,DICER1,"dicer 1, ribonuclease III"
