sequence,strand,# of predicted targets,seed
UCAGCAACACAGUUGCUGAUUC,5',762,CAGCAAC
UGAUUCUCUUCCUGUUCCAAGC,3',476,GAUUCUC
UCAACAAUUUUAUUGUAGAUGA,5',833,CAACAAU
AUGAAGAAGGUAACAUGUUCAA,3',1156,UGAAGAA
AUUGCCAUAGUAAUGGUGACAA,5',653,UUGCCAU
ACAAUUAUGCUUUGCUGUAUGA,3',667,CAAUUAU
