Target Rank,Target Score,Sequence,Gene Symbol,Gene Description,Strand,# of predicted targets,Seed
1,99,UCAGCAACACAGUUGCUGAUUC,GRIA3,glutamate ionotropic receptor AMPA type subunit 3,5',762,CAGCAAC
2,97,UCAGCAACACAGUUGCUGAUUC,MTX3,metaxin 3,5',762,CAGCAAC
3,97,UCAGCAACACAGUUGCUGAUUC,DOCK4,dedicator of cytokinesis 4,5',762,CAGCAAC
4,97,UCAGCAACACAGUUGCUGAUUC,PCDH19,protocadherin 19,5',762,CAGCAAC
5,97,UCAGCAACACAGUUGCUGAUUC,SATB2,SATB homeobox 2,5',762,CAGCAAC
6,96,UCAGCAACACAGUUGCUGAUUC,AADACL3,arylacetamide deacetylase like 3,5',762,CAGCAAC
7,96,UCAGCAACACAGUUGCUGAUUC,FAM92B,family with sequence similarity 92 member B,5',762,CAGCAAC
8,96,UCAGCAACACAGUUGCUGAUUC,DMTF1,cyclin D binding myb like transcription factor 1,5',762,CAGCAAC
9,96,UCAGCAACACAGUUGCUGAUUC,SLK,STE20 like kinase,5',762,CAGCAAC
10,96,UCAGCAACACAGUUGCUGAUUC,LARP4B,La ribonucleoprotein domain family member 4B,5',762,CAGCAAC
11,96,UCAGCAACACAGUUGCUGAUUC,IL4R,interleukin 4 receptor,5',762,CAGCAAC
12,96,UCAGCAACACAGUUGCUGAUUC,TMEM178B,transmembrane protein 178B,5',762,CAGCAAC
13,96,UCAGCAACACAGUUGCUGAUUC,PFN2,profilin 2,5',762,CAGCAAC
1,99,UGAUUCUCUUCCUGUUCCAAGC,FRK,fyn related Src family tyrosine kinase,3',476,GAUUCUC
2,98,UGAUUCUCUUCCUGUUCCAAGC,MUC15,"mucin 15, cell surface associated",3',476,GAUUCUC
3,96,UGAUUCUCUUCCUGUUCCAAGC,TNFAIP8L3,TNF alpha induced protein 8 like 3,3',476,GAUUCUC
1,100,AUUGCCAUAGUAAUGGUGACAA,ZNF99,zinc finger protein 99,5',653,UUGCCAU
2,100,AUUGCCAUAGUAAUGGUGACAA,ZNF493,zinc finger protein 493,5',653,UUGCCAU
3,99,AUUGCCAUAGUAAUGGUGACAA,ZNF138,zinc finger protein 138,5',653,UUGCCAU
4,99,AUUGCCAUAGUAAUGGUGACAA,CXCL5,C-X-C motif chemokine ligand 5,5',653,UUGCCAU
5,98,AUUGCCAUAGUAAUGGUGACAA,ZNF117,zinc finger protein 117,5',653,UUGCCAU
6,98,AUUGCCAUAGUAAUGGUGACAA,HOOK1,hook microtubule tethering protein 1,5',653,UUGCCAU
7,98,AUUGCCAUAGUAAUGGUGACAA,CFL2,cofilin 2,5',653,UUGCCAU
8,97,AUUGCCAUAGUAAUGGUGACAA,EIF5A2,eukaryotic translation initiation factor 5A2,5',653,UUGCCAU
9,97,AUUGCCAUAGUAAUGGUGACAA,LRAT,lecithin retinol acyltransferase,5',653,UUGCCAU
10,97,AUUGCCAUAGUAAUGGUGACAA,CUL3,cullin 3,5',653,UUGCCAU
11,97,AUUGCCAUAGUAAUGGUGACAA,ZNF714,zinc finger protein 714,5',653,UUGCCAU
12,97,AUUGCCAUAGUAAUGGUGACAA,ZNF730,zinc finger protein 730,5',653,UUGCCAU
13,97,AUUGCCAUAGUAAUGGUGACAA,ARHGAP32,Rho GTPase activating protein 32,5',653,UUGCCAU
14,96,AUUGCCAUAGUAAUGGUGACAA,SLC16A7,solute carrier family 16 member 7,5',653,UUGCCAU
15,96,AUUGCCAUAGUAAUGGUGACAA,CADM2,cell adhesion molecule 2,5',653,UUGCCAU
16,96,AUUGCCAUAGUAAUGGUGACAA,ZNF728,zinc finger protein 728,5',653,UUGCCAU
1,99,ACAAUUAUGCUUUGCUGUAUGA,KIAA1324L,KIAA1324 like,3',667,CAAUUAU
2,99,ACAAUUAUGCUUUGCUGUAUGA,RBM41,RNA binding motif protein 41,3',667,CAAUUAU
3,99,ACAAUUAUGCUUUGCUGUAUGA,TMEM56,transmembrane protein 56,3',667,CAAUUAU
4,98,ACAAUUAUGCUUUGCUGUAUGA,PDE10A,phosphodiesterase 10A,3',667,CAAUUAU
5,98,ACAAUUAUGCUUUGCUGUAUGA,ZNF385B,zinc finger protein 385B,3',667,CAAUUAU
6,97,ACAAUUAUGCUUUGCUGUAUGA,MSTN,myostatin,3',667,CAAUUAU
7,97,ACAAUUAUGCUUUGCUGUAUGA,RCN2,reticulocalbin 2,3',667,CAAUUAU
8,97,ACAAUUAUGCUUUGCUGUAUGA,BTAF1,B-TFIID TATA-box binding protein associated factor 1,3',667,CAAUUAU
9,97,ACAAUUAUGCUUUGCUGUAUGA,LRRFIP1,LRR binding FLII interacting protein 1,3',667,CAAUUAU
10,96,ACAAUUAUGCUUUGCUGUAUGA,VPS13C,vacuolar protein sorting 13 homolog C,3',667,CAAUUAU
11,96,ACAAUUAUGCUUUGCUGUAUGA,ZDHHC21,zinc finger DHHC-type containing 21,3',667,CAAUUAU
12,96,ACAAUUAUGCUUUGCUGUAUGA,DICER1,"dicer 1, ribonuclease III",3',667,CAAUUAU
